,stdWeights,"<C>, tau=15",balance
0,0.01,0.0,-1.0
1,0.01,0.0,-1.0
2,100.0,0.01598159959075444,-0.0007978844278221252
3,100.0,0.0017220946722847027,-0.0007978844278221252
